{"count":1,"self":6.2367548,"total":6.2684346999999994,"children":{"InitializeActuators":{"count":1,"self":0.0019863999999999997,"total":0.0019863999999999997,"children":null},"InitializeSensors":{"count":1,"self":0.0049867999999999996,"total":0.0049867999999999996,"children":null},"AgentSendState":{"count":255,"self":0.009755999999999999,"total":0.0147418,"children":{"CollectObservations":{"count":51,"self":0.00099779999999999986,"total":0.00099779999999999986,"children":null},"WriteActionMask":{"count":51,"self":0,"total":0,"children":null},"RequestDecision":{"count":51,"self":0.0029917,"total":0.003988,"children":{"RayPerceptionSensor.Perceive":{"count":51,"self":0.00099629999999999988,"total":0.00099629999999999988,"children":null}}}}},"DecideAction":{"count":255,"self":0.0049860999999999994,"total":0.0049860999999999994,"children":null},"AgentAct":{"count":255,"self":0.0039809,"total":0.0039809,"children":null}},"gauges":{},"metadata":{"timer_format_version":"0.1.0","start_time_seconds":"1677306996","unity_version":"2021.3.16f1","command_line_arguments":"C:\\Program Files\\Unity\\Hub\\Editor\\2021.3.16f1\\Editor\\Unity.exe -projectpath D:\\ML-Agent_The_Worlds_Hardest_Game -useHub -hubIPC -cloudEnvironment production","communication_protocol_version":"1.5.0","com.unity.ml-agents_version":"2.3.0-exp.4","scene_name":"Stage1","end_time_seconds":"1677307002"}}