{
    "name": "root",
    "gauges": {
        "HardestGame.Policy.Entropy.mean": {
            "value": 0.5960257053375244,
            "min": 0.5960257053375244,
            "max": 1.419192910194397,
            "count": 50
        },
        "HardestGame.Policy.ExtrinsicValueEstimate.mean": {
            "value": -0.6266517639160156,
            "min": -2.096386432647705,
            "max": -0.20652452111244202,
            "count": 50
        },
        "HardestGame.Policy.GailValueEstimate.mean": {
            "value": 10.438200950622559,
            "min": 0.34146690368652344,
            "max": 11.174230575561523,
            "count": 50
        },
        "HardestGame.Environment.EpisodeLength.mean": {
            "value": 76.44289044289044,
            "min": 56.94438006952491,
            "max": 813.3471074380166,
            "count": 50
        },
        "HardestGame.Environment.CumulativeReward.mean": {
            "value": -3.268439211182713,
            "min": -41.12508084873358,
            "max": -3.129684869823734,
            "count": 50
        },
        "HardestGame.Policy.ExtrinsicReward.mean": {
            "value": -3.268439211182713,
            "min": -41.12508084873358,
            "max": -3.129684869823734,
            "count": 50
        },
        "HardestGame.Policy.GailReward.mean": {
            "value": 6.906856351853859,
            "min": 5.938414233634601,
            "max": 242.7696967149774,
            "count": 50
        },
        "HardestGame.Losses.PolicyLoss.mean": {
            "value": 0.04808350331816115,
            "min": 0.04680886559595923,
            "max": 0.0523042181893144,
            "count": 50
        },
        "HardestGame.Losses.ValueLoss.mean": {
            "value": 0.1803367848436675,
            "min": 0.16528473922620907,
            "max": 27.780151327238578,
            "count": 50
        },
        "HardestGame.Policy.LearningRate.mean": {
            "value": 1.7116594294800063e-06,
            "min": 1.7116594294800063e-06,
            "max": 0.00029567859144047,
            "count": 50
        },
        "HardestGame.Policy.Epsilon.mean": {
            "value": 0.10057052,
            "min": 0.10057052,
            "max": 0.19855953,
            "count": 50
        },
        "HardestGame.Policy.Beta.mean": {
            "value": 1.5648148000000022e-05,
            "min": 1.5648148000000022e-05,
            "max": 0.000985739347,
            "count": 50
        },
        "HardestGame.Policy.GAILPolicyEstimate.mean": {
            "value": 0.12214457962841274,
            "min": 0.12189694107535053,
            "max": 0.32404372582142366,
            "count": 50
        },
        "HardestGame.Policy.GAILExpertEstimate.mean": {
            "value": 0.8973171503254862,
            "min": 0.6753286758633645,
            "max": 0.8973171503254862,
            "count": 50
        },
        "HardestGame.Losses.GAILLoss.mean": {
            "value": 0.2888888336465746,
            "min": 0.2883593112726121,
            "max": 0.857300723990867,
            "count": 50
        },
        "HardestGame.Policy.GAILGradMagLoss.mean": {
            "value": 0.05057421232923971,
            "min": 0.05057421232923971,
            "max": 0.6767892665470453,
            "count": 50
        },
        "HardestGame.Losses.PretrainingLoss.mean": {
            "value": 0.0722189930578073,
            "min": 0.0722189930578073,
            "max": 1.558180054028829,
            "count": 50
        },
        "HardestGame.IsTraining.mean": {
            "value": 1.0,
            "min": 1.0,
            "max": 1.0,
            "count": 50
        }
    },
    "metadata": {
        "timer_format_version": "0.1.0",
        "start_time_seconds": "1677338525",
        "python_version": "3.7.9 (tags/v3.7.9:13c94747c7, Aug 17 2020, 18:58:18) [MSC v.1900 64 bit (AMD64)]",
        "command_line_arguments": "C:\\Users\\USER\\AppData\\Local\\Programs\\Python\\Python37\\Scripts\\mlagents-learn D:\\ML-Agent_The_Worlds_Hardest_Game\\config\\HardestGame.yaml --env=D:\\ML-Agent_Build\\TheWorldsHardestGame\\ML-Agent_The_Worlds_Hardest_Game --run-id=test1 --num-envs=10 --force --no-graphics",
        "mlagents_version": "0.23.0",
        "mlagents_envs_version": "0.23.0",
        "communication_protocol_version": "1.3.0",
        "pytorch_version": "1.7.1+cu110",
        "numpy_version": "1.18.5",
        "end_time_seconds": "1677349451"
    },
    "total": 10925.7365775,
    "count": 1,
    "self": 1.1445376000010583,
    "children": {
        "run_training.setup": {
            "total": 0.19720989999999983,
            "count": 1,
            "self": 0.19720989999999983
        },
        "TrainerController.start_learning": {
            "total": 10924.39483,
            "count": 1,
            "self": 42.72131610015276,
            "children": {
                "TrainerController._reset_env": {
                    "total": 5.2143548,
                    "count": 1,
                    "self": 5.1458319999999995,
                    "children": {
                        "demo_to_buffer": {
                            "total": 0.06852280000000022,
                            "count": 2,
                            "self": 0.0002985999999998157,
                            "children": {
                                "load_demonstration": {
                                    "total": 0.0032495000000007934,
                                    "count": 2,
                                    "self": 0.003118400000000854,
                                    "children": {
                                        "read_file": {
                                            "total": 0.0001310999999999396,
                                            "count": 2,
                                            "self": 0.0001310999999999396
                                        }
                                    }
                                },
                                "make_demo_buffer": {
                                    "total": 0.06497469999999961,
                                    "count": 2,
                                    "self": 0.014346500000008255,
                                    "children": {
                                        "steps_from_proto": {
                                            "total": 0.05062819999999135,
                                            "count": 288,
                                            "self": 0.01902079999997852,
                                            "children": {
                                                "_process_vector_observation": {
                                                    "total": 0.03160740000001283,
                                                    "count": 1152,
                                                    "self": 0.03160740000001283
                                                }
                                            }
                                        }
                                    }
                                }
                            }
                        }
                    }
                },
                "TrainerController.advance": {
                    "total": 10876.364063099849,
                    "count": 596827,
                    "self": 12.55288409862078,
                    "children": {
                        "env_step": {
                            "total": 10863.811179001228,
                            "count": 596827,
                            "self": 3942.125256600684,
                            "children": {
                                "SubprocessEnvManager._take_step": {
                                    "total": 6865.008398500169,
                                    "count": 5047843,
                                    "self": 409.68350400007057,